userName,userPassword,country,gender,countVisitedNumber
rtutt0,NI1ZGfD,China,M,1
ralbion1,NZTlUSS,Portugal,F,2
bguittet2,kvuWAORRZw,Poland,M,3
akinworthy3,GE3a3ZhH2x,Dominican Republic,M,4
pbarwell4,zb5zWYoG7DPf,China,F,5
gisley5,45f1E8fy4R,Myanmar,F,6
lfigin6,oK6fpgPKxAPu,Nigeria,F,7
sgoody7,WKbhTkvEac,Iran,M,8
sadamo8,pfPlYo488t,Russia,M,9
kwarn9,wCY4qs2lQcok,Greece,F,10
cseamera,5jGqgUqPPcW,China,M,11
pguiteb,BSLpNCu,Slovenia,F,12
blittledikec,eTp5CUo0P,Russia,F,13
rofferd,DebmbJW5ExV,Hungary,F,14
jmatchette,GDCJi4,Republic of the Congo,F,15
czoldf,uujGBopGp1nJ,Sweden,F,16
rfavelag,uGYjj3,Portugal,M,17
alipmanh,TtrFs1r4ToL,Canada,F,18
jpinillai,Sxaxgeee1,Ghana,F,19
tmingusj,jIBbpyCzG,Malta,F,20
mhallexk,MAIrIjUAoc,Portugal,M,21
mmckearnenl,Gqrm7DHVJ9c,China,M,22
jmaudlinm,BB6Y7Qf3,Malaysia,F,23
qhorleyn,uxwAaliMAlwi,El Salvador,F,24
nharmaro,Fcy262,China,F,25
cdewickep,UKYtku,China,M,26
gbartczakq,REcKiiATa,Indonesia,F,27
swetwoodr,kFIcBfT7,Mongolia,M,28
cgavinis,pNza5O7ZBKGQ,China,M,29
rwarhurstt,rNd3cVY7hCV,Yemen,M,30
eelwardu,UgONc4hNSZ,Dominican Republic,M,31
trubinowv,EeCSwL,Czech Republic,F,32
kstilgoew,ZNfYRAc3,Brazil,M,33
tbluemanx,GOkWncJoTrT,Poland,M,34
rconniamy,3QfDckocZ4m,Philippines,M,35
fspoorz,PzKApn,South Africa,F,36
dwoodison10,T3E1UCnVVj5t,Thailand,M,37
srosendale11,vev3lpJc,Peru,M,38
earbuckle12,hmZa4TBT20J,France,F,39
dseear13,rBrsN5,China,M,40
jgouldthorpe14,pnLsolt1M,Brazil,F,41
sgunningham15,IP8Sec1VbdE,Afghanistan,M,42
vbutchard16,rgpamk,China,F,43
vbrannigan17,HLmXdZT46,Israel,F,44
cpiddletown18,M26ynk,Philippines,F,45
bdallaway19,7CNHKY7,Japan,M,46
hingry1a,sSkoZdqlVU,United Arab Emirates,M,47
aasman1b,b9e7hH6E,North Korea,F,48
shourstan1c,CiLickBN,Sweden,M,49
awakeley1d,Exlp6ujE,Russia,F,50
